{"cameraMode":{"drawMode":0,"name":"Shaded","section":"Shading Mode"},"sceneLighting":false,"audioPlay":false,"sceneViewState":{"m_AlwaysRefresh":false,"showFog":true,"showSkybox":false,"showFlares":true,"showImageEffects":true,"showParticleSystems":true,"showVisualEffectGraphs":true,"m_FxEnabled":true},"in2DMode":false,"pivot":{"x":-0.32298338413238528,"y":0.83709317445755,"z":-0.07413291186094284},"rotation":{"x":0.24473527073860169,"y":0.13999415934085847,"z":-0.04093169420957565,"w":0.9581419825553894},"size":0.7060777544975281,"orthographic":false}