{"cameraMode":{"drawMode":0,"name":"Shaded","section":"Shading Mode"},"sceneLighting":false,"audioPlay":false,"sceneViewState":{"m_AlwaysRefresh":false,"showFog":true,"showSkybox":false,"showFlares":true,"showImageEffects":true,"showParticleSystems":true,"showVisualEffectGraphs":true,"m_FxEnabled":true},"in2DMode":false,"pivot":{"x":-0.5879112482070923,"y":0.5253956913948059,"z":-0.16683951020240785},"rotation":{"x":0.08592992275953293,"y":0.7667392492294312,"z":-0.11349718272686005,"w":0.6253429055213928},"size":0.7060777544975281,"orthographic":false}