{"cameraMode":{"drawMode":0,"name":"Shaded","section":"Shading Mode"},"sceneLighting":false,"audioPlay":false,"sceneViewState":{"m_AlwaysRefresh":false,"showFog":true,"showSkybox":false,"showFlares":true,"showImageEffects":true,"showParticleSystems":true,"showVisualEffectGraphs":true,"m_FxEnabled":true},"in2DMode":false,"pivot":{"x":-2.3096213340759279,"y":0.8087000250816345,"z":0.11334341764450073},"rotation":{"x":-0.10624360293149948,"y":-0.7265917062759399,"z":0.11578952521085739,"w":-0.6687744855880737},"size":0.6519643068313599,"orthographic":false}