{"cameraMode":{"drawMode":0,"name":"Shaded","section":"Shading Mode"},"sceneLighting":false,"audioPlay":false,"sceneViewState":{"m_AlwaysRefresh":false,"showFog":true,"showSkybox":false,"showFlares":true,"showImageEffects":true,"showParticleSystems":true,"showVisualEffectGraphs":true,"m_FxEnabled":true},"in2DMode":false,"pivot":{"x":0.09752541035413742,"y":0.7369321584701538,"z":0.9652317762374878},"rotation":{"x":0.16149060428142548,"y":0.37291017174720766,"z":-0.06706761568784714,"w":0.9109629988670349},"size":1.3855928182601929,"orthographic":false}