{"cameraMode":{"drawMode":0,"name":"Shaded","section":"Shading Mode"},"sceneLighting":true,"audioPlay":false,"sceneViewState":{"m_AlwaysRefresh":false,"showFog":true,"showSkybox":true,"showFlares":true,"showImageEffects":true,"showParticleSystems":true,"showVisualEffectGraphs":true,"m_FxEnabled":true},"in2DMode":false,"pivot":{"x":0.4099418818950653,"y":3.7843849658966066,"z":-5.749705791473389},"rotation":{"x":-0.17928452789783479,"y":0.016995687037706376,"z":-0.0007963262614794076,"w":-0.9833264350891113},"size":0.8579627871513367,"orthographic":false}