{"cameraMode":{"drawMode":0,"name":"Shaded","section":"Shading Mode"},"sceneLighting":false,"audioPlay":false,"sceneViewState":{"m_AlwaysRefresh":false,"showFog":true,"showSkybox":false,"showFlares":true,"showImageEffects":true,"showParticleSystems":true,"showVisualEffectGraphs":true,"m_FxEnabled":true},"in2DMode":false,"pivot":{"x":-0.49544453620910647,"y":0.6587177515029907,"z":-2.605930805206299},"rotation":{"x":-0.04214442893862724,"y":-0.8997092843055725,"z":0.0913701131939888,"w":-0.42421334981918337},"size":0.8660253882408142,"orthographic":false}