{"cameraMode":{"drawMode":0,"name":"Shaded","section":"Shading Mode"},"sceneLighting":false,"audioPlay":false,"sceneViewState":{"m_AlwaysRefresh":false,"showFog":true,"showSkybox":false,"showFlares":true,"showImageEffects":true,"showParticleSystems":true,"showVisualEffectGraphs":true,"m_FxEnabled":true},"in2DMode":false,"pivot":{"x":-0.3531159460544586,"y":0.4001186192035675,"z":-0.0761784240603447},"rotation":{"x":0.041315190494060519,"y":0.7918537855148315,"z":-0.05556881055235863,"w":0.6063722372055054},"size":1.4255146980285645,"orthographic":false}